id_operador,productos
1,SOJA
2,GIRASOL
2,MIJO
2,RESIDUO VEGETAL
3,INCULTO
4,SOJA
4,ALPISTE
5,SOJA
5,ALPISTE
5,TRIGO
6,CEREALES
7,CEREALES
8,INCULTO
9,GANADERIA BOVINA
10,ARANDANO
11,ARANDANO
11,FRAMBUESA
11,MORA
11,TOMATE
11,PIMIENTO
11,ZAPALLO
11,INCULTO
11,ARANDANO
11,FRAMBUESA
11,MORA
11,TOMATE
11,PIMIENTO
11,ZAPALLO
11,INCULTO
12,ARANDANO
12,DESCANSO
13,TRIGO
13,SOJA
14,LINO DORADO
14,SOJA
15,TRIGO
15,SOJA
16,TRIGO
16,SOJA
17,INCULTO
18,ARANDANO
18,NARANJA
19,VACAS
19,VAQUILLONAS
19,NOVILLOS
19,TOROS
19,TERNERAS
20,OLIVO
21,REPOLLO
21,ACELGA
21,BROCOLI
21,HINOJO
21,HABAS
21,ESPINACA
21,COLIFLOR
21,LECHUGA
21,CEBOLLA DE VERDEO
21,MANZANA
21,HIGOS
21,CIRUELA
21,PERA
21,DURAZNO
21,MANDARINA
21,POMELO
21,FORESTALES
22,ARANDANO
22,MORA
22,CIRUELA
22,DURAZNO
23,ARANDANOS
24,HORTALIZAS
25,HORTICULTURA: HORTALIZAS DE RAIZ
25,HOJA
25,FRUTOS
26,HUEVOS
27,AVENA
27,TRIGO
28,KIWI
29,CEREALES
30,CEREALES
31,INCULTO
32,CEREALES
33,CEREALES
34,MAIZ
34,SOJA
34,GIRASOL
34,LINO
34,TRIGO
35,MAIZ
35,LINO
35,TRIGO
35,GIRASOL
36,AVENA
36,ARVEJA
36,ABONO VERDE
36,TRIGO
36,SORGO
37,KIWIS
38,VACAS
38,TERNEROS
39,KIWI
39,LIMON
39,MORAS SILVESTRES
39,NOGALES
39,MANDARINA
39,HIGO
40,INCULTO
41,CEREALES
41,OLEAGINOSAS
42,LECHE
42,VACAS DE TAMBO
42,VAQUILLONAS
42,TOROS
42,TERNERAS
42,TERNEROS
43,AVENA
44,RUCULA
44,RABANITO
44,PUERROS
44,PIMIENTOS
44,BERENJENAS
44,CEBOLLA
44,PEREJIL
44,ACELGA
44,REMOLACHA
44,ZAPALLO
44,BATATA
44,HINOJO
44,ESCAROLA
44,REPOLLO
44,ZANAHORIA
44,CHAUCHA
44,ZAPALLITO
44,ZUCCHINI
44,TOMATE
44,LECHUGA
44,CIBOULETTE
44,FRUTILLA
44,ESPINACA
44,ARVEJA
44,HABAS
44,PAK CHOY
44,RADICHETA
44,APIO
44,JENJIBRE
44,MILENRAMA
44,CEDRON
44,SALVIA
44,MENTA
44,MELISA
44,TOMILLO
44,ROMERO
44,MOSTAZA
44,CURCUMA
44,AJENJO
44,KALE
44,LIMON
44,MANZANA
44,BROCOLI
44,AJO
44,ALCAUCIL
45,CEREALES
45,OLEAGINOSAS
46,CEREALES
46,OLEAGINOSAS
47,CEREALES
47,OLEAGINOSAS
48,INCULTO
49,GANADERIA BOVINA
50,CEREALES
51,AVENA
51,CEBADA
51,TRIGO
52,ZAPALLO RED HOKKAIDO
52,CEBOLLA
53,AVENA
53,TRIGO
54,AVENA
54,TRIGO
55,INCULTO
56,SOJA
57,GANADERIA BOVINA
58,TRIGO
59,TRIGO
60,MAIZ
60,CENTENO
60,DESCANSO
60,SOJA
60,ABONO VERDE
61,ESPINACA
61,REPOLLO
61,ACELGA
61,LECHUGA
61,RADICHETA
61,NABO
61,RUCULA
61,HINOJO
61,BROCOLI
61,ZANAHORIA
61,PUERRO
61,ESPARRAGOS
61,BERENJENA
61,TOMATE
61,AJI
61,PIMIENTO
61,FRUTILLA
61,BATATA
61,ZAPALLO
61,REMOLACHA
61,ALCAUCIL
61,APIO
61,RABANITO
61,CEBOLLA
61,ZUCCHINI
61,NARANJA
61,LIMON
61,MANDARINA
61,POMELO
61,HIGOS
61,CIRUELA
61,QUINOTO
61,NUEZ
61,ALMENDRAS
61,PALTA
61,ZAPALLITO
62,SOJA
62,ABONO VERDE
63,MAIZ
64,MAIZ
65,SOJA
65,MAIZ
66,SOJA
66,ARVEJA
66,MAIZ
66,RESIDUO VEGETAL
67,CENTENO
67,MAIZ PISINGALLO
67,DESCANSO
67,SOJA
68,CEBADA
68,TRIGO
68,GANADERIA BOVINA
69,VACAS
69,TERNERAS
69,TOROS
69,VAQUILLONAS
69,NOVILLOS
70,GIRASOL ALTO OLEICO
70,DINKEL
71,ROMERO
71,LAVANDA
71,LAVANDIN
71,OREGANO
71,TOMILLO
71,SALVIA
71,HISOPO
71,MELISA
71,AJEDREA
72,SORGO FORRAJERO
72,GIRASOL
72,GANADERIA BOVINA
72,GANADERIA OVINA
73,RUCULA CHINA
73,NIRA
73,REMNOLACHA
73,PACK CHOI
73,REMOLACHA
73,BRASSICA CHINENSIS
73,BRASSICA ALBOGLABRA
73,BRASSICA JUNCEA
73,LECHUGA CHINA
73,RUCULA SELVATICA
73,APIO CHINO
73,ESPINACA
73,CRISANTEMO
73,IPOMOEA AQUATICA
73,BRASSICA NAPUS
74,VACAS
74,TERNERAS
74,TOROS
75,INCULTO
76,MAIZ PISINGALLO
76,DESCANSO
76,GIRASOL ALTO OLEICO
77,CEREALES
77,OLEAGINOSAS
78,ALZA MELARIA
78,COLMENAS
78,NUCLEOS
79,TOROS
79,VACAS
79,TERNERAS
79,TERNEROS
80,ALFALFA
80,TRIGO
80,CENTENO
81,HORTALIZAS
82,HORTALIZAS
83,CEREALES
83,OLEAGINOSAS
84,CEREALES
84,OLEAGINOSAS
85,CEREALES
85,OLEAGINOSAS
86,CEREALES
86,OLEAGINOSAS
87,CEREALES
87,OLEAGINOSAS
88,CEREALES
88,OLEAGINOSAS
89,ZANAHORIA
89,CEBOLLA VERDEO
89,REPOLLO
89,LECHUGA
89,ACELGA
89,PEREJIL
89,RUCULA
89,PUERRO
89,NABO
89,AJO
89,ESPINACA
89,RADICHETA
90,INCULTO
91,CEREALES
91,OLEAGINOSAS
92,CEREALES
93,SORGO
94,SOJA
94,MAIZ
95,GIRASOL ALTO OLEICO
96,MAIZ
97,SOJA
97,MAIZ
98,MAIZ
98,DESCANSO
99,SORGO
99,SOJA
100,HORTICULTURA
101,HORTALIZAS
102,AVENA
102,CENTENO
102,GANADERIA BOVINA
103,TRIGO
103,AVENA
103,CENTENO
103,CEBADA
103,GIRASOL
103,GANADERIA BOVINA
104,INCULTO
105,INCULTO
106,INCULTO
107,INCULTO
108,INCULTO
109,SOJA
110,SOJA
111,SOJA
112,VACAS
112,NOVILLOS
112,VAQUILLONAS
112,TOROS
112,TERNEROS
112,TERNERAS
113,RADICHETA
113,RUCULA
113,ALBAHACA
113,MENTA
113,CILANTRO
113,SALVIA
113,TOMILLO
113,ESPARRAGOS
113,TOMATE
113,INCULTO
113,ROMERO
113,ALFALFA
113,ALCAUCIL
113,ESTRAGON
113,PEREJIL
113,CEBOLLA
114,TRIGO
115,TRIGO
116,HORTALIZAS
116,ARROZ
117,SOJA
118,CEREALES
118,OLEAGINOSAS
119,CEREALES
119,OLEAGINOSAS
120,CEREALES
120,OLEAGINOSAS
121,CEREALES
121,OLEAGINOSAS
122,CEREALES
122,OLEAGINOSAS
123,VACAS
123,VAQUILLONAS
123,TOROS
123,TERNEROS
123,TERNERAS
124,MORA
124,INCULTO
124,ARANDANO
124,FRAMBUESA
124,PERA
124,MANDARINA
124,NARANJA
124,LIMON
124,NUEZ PECAN
124,HIGOS
124,DURAZNO
124,CIRUELA
125,HORTICULTURA:
125,FRUTALES:
126,CEREALES
126,OLEAGINOSAS
126,GANADERIA BOVINA
127,MAIZ
127,SOJA
127,GIRASOL
128,UVA
128,INCULTO
128,PASAS DE UVA
129,OLIVOS
130,MAIZ
130,POROTO
130,AMARANTO
131,MAIZ
131,GARBANZO
131,POROTO
132,OLIVOS
133,CHIA
134,VID
135,OLIVOS
136,GERANIO
136,PASTO LIMON
136,OREGANO
137,CEREALES
137,OLEAGINOSAS
137,LEGUMINOSAS
138,GARBANZO
138,GIRASOL
138,MAIZ
138,TRIGO
138,MANI
138,POROTO
138,CHIA
138,AMARANTO
138,SESAMO
138,ARVEJA
139,ACELGA
139,ESPINACA
139,LERCHUGA GALLEGA
139,LECHUGA MANTECOSA
139,LECHUGA CRESPA
139,PEREJIL
139,RABANITO
139,ESCAROLA FINA
139,ZANAHORIA
139,ROMERO
139,CEBOLLA DE VERDEO
139,RUCULA
139,CIRUELAS
139,DURAZNOS
140,TRIGO
140,MAIZ
140,SOJA
140,ALFALFA
140,CENTENO
140,GANADERIA BOVINA
141,MIEL
141,SUBPRODUCTOS DE LA COLMENA
142,MAIZ
142,TRIGO
142,SOJA
143,TOMILLO
143,SALVIA
143,OREGANO
143,PEREJIL
143,PUERRO
143,CEBOLLA
143,ZANAHORIA
143,LECHUGA
143,ACELGA
143,ZAPALLITO
143,REMOLACHA
143,CHOCLO
143,ZUCCINI
143,ESPINACA
143,RABANITO
143,CHAUCHA
143,RUCULA
143,CILANTRO
143,NABO
143,PEPINO
143,APIO
143,MELON
143,ZAPALLO
143,ROMERO
143,ESPARRAGOS
144,CEBADA
144,ALFALFA
144,VICIA
144,RABANITO
144,NABO
144,REMOLACHA
144,RUCULA
144,LECHUGA
144,PUERRO
144,CEBOLLA
145,ACEITUNAS
145,OLIVO
145,MELON
145,TOMATE
145,ZAPALLO
145,CEBOLLA
145,ZANAHORIA
145,MANZANILLA
145,PAPA
145,REMOLACHA
145,ACELGA
145,ESPINACA
145,PIMIENTO
145,LECHUGA
145,PEREJIL
146,TERNEROS
146,VACAS
146,VAQUILLONAS
146,TOROS
147,CEREALES
147,OLEAGINOSAS
148,GARBANZO
148,GIRASOL
148,MAIZ
148,TRIGO
148,MANI
148,POROTO
148,CHIA
148,AMARANTO
148,SESAMO
148,ARVEJAS
148,OLIVAS
148,OTROS
149,NUCLEOS
149,COLMENAS
149,ALZA MELARIA
150,AROMATICAS
151,MANDARINA
151,NARANJA
152,LIMON
153,INCULTO
153,ARROZ
154,ARROZ
155,ARROZ
156,INCULTO
157,INCULTO
158,LIMON
159,ZAPALLO
159,DESCANSO
159,INCULTO
160,INCULTO
161,ALZA MELARIA
161,COLMENAS
161,NUCLEOS
162,ARROZ
162,INCULTO
163,POMELO
164,MIEL
164,SUBPRODUCTOS DE LA COLMENA
165,MIEL
165,SUBPRODUCTOS DE LA COLMENA
166,MIEL
166,SUBPRODUCTOS DE LA COLMENA
167,ARROZ
168,NUCLEOS
168,COLMENAS
168,ALZA MELARIA
168,CERA
169,MIEL
169,SUBPRODUCTOS DE LA COLMENA
170,MIEL
170,SUBPRODUCTOS DE LA COLMENA
171,VACAS
171,TOROS
172,OVEJAS
172,LANA
172,CAPONES
172,BORREGAS
172,BORREGOS
172,CARNEROS
173,LANA
173,CAPONES
173,OVEJAS
173,CARNEROS
174,LANA
174,GUANACOS
175,LANA
175,CARNEROS
175,BORREGAS
175,OVEJAS
175,CAPONES
175,BORREGOS
176,TERNEROS
176,NOVILLOS
176,TOROS
176,VACAS
176,VAQUILLONAS
177,CARNE BOVINA
177,CARNE OVINA
177,LANA
178,ROSA MOSQUETA
179,CASSIS
179,FRAMBUESA
179,MORA
179,GROSELLA
180,CASSIS
180,FRAMBUESA
180,MORA
181,LANA
181,OVEJAS
181,BORREGAS
181,CORDEROS
181,CAPONES
181,CARNEROS
182,VACAS
182,VAQUILLONAS
182,TOROS
182,TERNEROS
183,OVEJAS
183,LANA
183,BORREGOS
183,BORREGAS
183,CARNEROS
183,CAPONES
184,LANA
184,OVEJAS
184,BORREGOS
184,CAPONES
184,CARNEROS
185,OVEJAS
185,LANA
185,BORREGOS
185,BORREGAS
185,CAPONES
186,OVEJAS
186,CAPONES
186,CARNEROS
186,CORDEROS
187,TOROS
187,VACAS
187,TERNEROS
187,TERNERAS
188,LANA
188,OVEJAS
188,BORREGAS
188,CAPONES
188,BORREGOS
188,CARNEROS
189,LANA
189,OVEJAS
189,CAPONES
189,BORREGOS
189,BORREGAS
189,CARNEROS
190,GUANACOS
191,PARAMELA
192,VAQUILLONAS
192,VACAS
192,TOROS
192,TERNEROS
193,VACAS
193,VAQUILLONAS
193,TERNERAS
193,NOVILLOS
193,TOROS
194,OVEJAS
194,BORREGAS
194,CORDEROS
194,CAPONES
194,CARNEROS
195,OVEJAS
195,LANA
195,BORREGAS
195,BORREGOS
195,CAPONES
195,CARNEROS
196,LANA
196,CARNEROS
196,BORREGAS
196,CAPONES
196,BORREGOS
196,OVEJAS
197,CASSIS
197,FRAMBUESA
197,MORA
197,GROSELLA
197,SAUCO
198,FRAMBUESA
198,BOYSENBERRY
198,CASSIS
198,MORA
198,GUINDA
198,SAUCO
198,AVELLANO
198,CORINTO
199,CARNEROS
199,OVEJAS
199,CAPONES
199,CORDEROS
200,VACAS
201,INCULTO
202,CAPONES
203,CARNEROS
203,LANA
203,CAPONES
203,OVEJAS
203,BORREGAS
203,BORREGOS
203,CORDEROS
204,LANA
204,OVEJAS
204,CAPONES
204,CARNEROS
204,BORREGOS
205,ROSA MOSQUETA
205,MORILLAS
205,HIPERICOM
206,FRAMBUESA
206,FRUTILLA
206,ROSA MOSQUETA
207,OVEJAS
207,LANA
207,CAPONES
207,CARNEROS
207,BORREGAS
207,BORREGOS
208,ALGAS MARINAS
209,VACAS
209,VAQUILLONAS
209,NOVILLOS
209,TERNEROS
209,TERNERAS
209,TOROS
210,OVEJAS
210,LANA
210,BORREGAS
210,CAPONES
210,CARNEROS
211,OVEJAS
211,BORREGAS
211,BORREGOS
211,CAPONES
211,CARNEROS
212,LANA
212,OVEJAS
212,CAPONES
212,CARNEROS
212,BORREGOS
212,BORREGAS
213,GIRASOL AO
213,SORGO BLANCO
213,MIJO
213,MAIZ PISINGALLO
213,LINO DORADO
214,MIEL
214,EXTRACCION DE MIEL
214,ESTAMPADO DE CERA
215,INCULTO
216,NARANJA
216,LIMON
216,MANDARINA
216,POMELO
217,MAIZ
217,LINO
218,CEREALES
218,OLEAGINOSAS
219,LIMON
219,NARANJA
220,LINO
220,CEBADA
220,CENTENO
220,TRITICALE
220,SOJA
220,MAIZ
220,MOSTAZA
221,ARANDANOS
222,INCULTO
223,ARROZ
224,NUEZ PECAN
224,STEVIA
224,FRUTALES
225,ARROZ
226,ARROZ
227,LINO DORADO
228,LINO DORADO
229,LINO MARRON
230,LINO MARRON
231,LINO MARRON
231,LINO DORADO
232,CORIANDRO
233,LIMON
233,NARANJA
234,NARANJA
235,TRIGO
235,SOJA
236,SOJA
236,MAIZ
237,ARROZ
238,SORGO
238,TRIGO
238,ARROZ
239,SORGO
240,SORGO
241,INCULTO
242,INCULTO
243,INCULTO
244,INCULTO
245,INCULTO
246,LINO
246,ARROZ
247,VACAS
247,VAQUILLONAS
247,TERNERAS
247,TOROS
247,TERNEROS
247,NOVILLOS
248,NARANJA
248,MANDARINA
248,LIMON
248,DURAZNO
248,CIRUELA
248,MAIZ
248,TOMATE
248,POMELO
249,AGRICULTURA
250,NUEZ PECAN
251,ALOE VERA
251,PASTIZAL NATURAL
251,INCULTO
252,BANANO
252,MANGO
252,FRUTAS TROPICALES
253,POMELO
253,INCULTO
254,CAÑA DE AZUCAR
254,DESCANSO
255,CAÑA DE AZUCAR
256,INCULTO
257,INCULTO
258,CAÑA DE AZUCAR
258,MAIZ PISINGALLO
258,MAIZ
258,POROTO COLORADO
258,POROTO NEGRO
259,ALZA MELARIA
260,CAÑA DE AZUCAR
260,INCULTO
261,INCULTO
262,CAÑA DE AZUCAR
263,CAÑA DE AZUCAR
264,TRIGO
265,INCULTO
266,CAÑA DE AZUCAR
266,INCULTO
267,CAÑA DE AZUCAR
268,CAÑA DE AZUCAR
268,INCULTO
269,INCULTO
270,CAÑA DE AZUCAR
270,FORESTALES
270,INCULTO
271,INCULTO
272,GIRASOL
272,POROTO MUNG
273,COLMENAS
273,NUCLEOS
273,ALZA MELARIA
274,ALZA MELARIA
274,COLMENAS
274,NUCLEOS
275,VID
275,OLIVOS
276,VID
276,OLIVOS
277,VID
277,OLIVOS
278,JOJOBA
279,JOJOBA
280,INCULTO
281,VID
282,VID
282,OLIVOS
283,VID
283,OLIVOS
284,VID
284,NOGALES
285,VID
285,OLIVOS
286,OLIVOS
287,VID
287,OLIVOS
288,OLIVOS
289,PASAS DE UVA
290,VID
290,OLIVOS
291,JOJOBA
292,VID
293,VD
293,OLIVOS
294,VID
295,VID
295,OLIVOS
296,VID
296,OLIVOS
297,OLIVO
297,PEREJIL
297,AJI
297,ACEITUNAS
297,INCULTO
298,VID
299,VID
299,OLIVOS
300,NOGALES
300,CASTAÑA
301,OLIVOS
301,VID
301,MELON
301,SANDIA
301,TOMATE
301,MAIZ
301,ZAPALLO
301,BATATA
302,VID
302,OLIVOS
303,OLIVOS
304,OLIVOS
305,VID
305,OLIVOS
306,VID
307,JOJOBA
308,VID
309,ESPARRAGOS
309,AJO
309,ABONO VERDE
310,VID
311,DESCANSO
312,UVAS
313,INCULTO
314,VID
315,VID
316,VID
316,INCULTO
316,ALFALFA
317,UVAS
318,UVAS
319,DESCANSO
319,ZAPALLO
319,AJO
319,INCULTO
320,INCULTO
321,INCULTO
321,NUEZ PECAN
321,HIGOS
321,VID
321,OLIVO
321,CIRUELA
321,CEREZA
321,PERA
321,MANZANA
321,DURAZNO
321,DAMASCO
322,VID
323,INCULTO
324,DESCANSO
324,AJO
324,INCULTO
325,VID
326,UVAS
327,VID
328,VID
329,VID
330,UVAS
331,UVAS
332,UVAS
333,UVAS
334,UVAS
335,VID
336,VID
336,INCULTO
337,VID
337,INCULTO
338,INCULTO
339,VID
340,VID
341,CAÑA DE CASTILLA
342,CAÑA DE CASTILLA
343,CAÑA DE CASTILLA
344,CAÑA DE CASTILLA
345,UVAS
346,VID
346,OLIVOS
347,VID
347,OLIVOS
348,AJO
348,ZAPALLO
349,UVAS
349,ACEITUNAS
350,INCULTO
350,ZAPALLO
350,ABONO VERDE
350,AJO
350,DESCANSO
350,CEBOLLA
350,PAPA
351,INCULTO
351,CIRUELA
351,ZAPALLO
351,OLIVO
351,TOMATE
352,VID
353,VID
354,VID
355,HORTALIZAS
356,VID
357,UVAS
358,UVAS
359,UVAS
360,VID
361,DAMASCO
361,UVA DE MESA
361,INCULTO
362,VID
362,INCULTO
363,CENTENO
363,PASTIZAL NATURAL
364,VID
365,VID
366,VID
367,ACEITUNAS
368,UVAS
369,UVAS
370,INCULTO
371,VID
372,VID
373,VID
373,DAMASCO
374,INCULTO
375,ZAPALLO
375,DESCANSO
375,ZANAHORIA
376,UVAS
377,UVAS PARA VINIFICAR
378,UVAS PARA VINIFICAR
379,INCULTO
380,VID
381,VID
382,CIRUELAS
382,ACEITUNAS
382,UVAS
383,VID
383,NUEZ
384,ACEITUNAS
384,UVAS
385,ACEITUNAS
385,CIRUELAS
385,DAMASCOS
385,NUECES
386,VID
387,VID
388,INCULTO
389,VID
390,INCULTO
391,UVAS
392,UVAS PARA VINIFICAR
393,UVAS PARA VINIFICAR
394,UVAS PARA VINIFICAR
395,UVAS
396,VID
397,MIEL
398,VID
398,OLIVOS
399,VID
399,NOGAL
399,INCULTO
400,VID
401,OLIVOS
401,DAMASCO
401,CIRUELA
402,VID
402,OLIVOS
403,INCULTO
403,OLIVO
403,VID
404,VID
404,OLIVOS
405,UVAS
406,UVAS
407,UVAS
408,UVAS
409,ABONO VERDE
409,AJO
410,AJO
410,ABONO VERDE
411,UVAS
411,AROMATICAS
412,ESPARRAGO
413,VID
413,NOGAL
413,INCULTO
413,OLIVO
413,ALFALFA
414,VID
415,CIRUELA
415,INCULTO
415,CIRUELA DESECADA
416,INCULTO
417,UVAS PARA VINIFICAR
417,UVAS FRESCAS
418,VID
418,ACEITUNAS
418,INCULTO
419,CIRUELAS
419,UVAS
419,ACEITUNAS
420,VID
420,INCULTO
420,MEMBRILLO
421,CEREZA
422,ZAPALLO
422,CHOCLO
423,UVAS PARA VINIFICAR
424,VID
424,INCULTO
425,UVAS
426,UVAS
427,UVAS
428,VID
429,VID
430,VID
431,VID
432,OLIVO
433,INCULTO
434,VID
435,VID
436,VID
437,VID
437,OLIVOS
438,VID
439,VINO
439,UVAS
439,ACEITUNAS
440,CAÑA DE AZUCAR
441,CAÑA DE AZUCAR
442,CAÑA DE AZUCAR
443,CAÑA DE AZUCAR
444,CAÑA DE AZUCAR
445,CAÑA DE AZUCAR
446,CAÑA DE AZUCAR
447,CAÑA DE AZUCAR
448,CAÑA DE AZUCAR
449,CAÑA DE AZUCAR
450,CAÑA DE AZUCAR
451,LIMON
451,MANDARINA
451,NARANJA
451,PONELO
451,ANANA
452,CAÑA DE AZUCAR
453,YERBA MATE
454,YERBA MATE
455,CAÑA DE AZUCAR
456,CAÑA DE AZUCAR
457,CAÑA DE AZUCAR
458,CAÑA DE AZUCAR
459,CAÑA DE AZUCAR
460,CAÑA DE AZUCAR
461,CAÑA DE AZUCAR
462,CAÑA DE AZUCAR
463,CAÑA DE AZUCAR
464,CAÑA DE AZUCAR
465,CAÑA DE AZUCAR
466,YERBA MATE
467,CAÑA DE AZUCAR
468,CAÑA DE AZUCAR
469,YERBA MATE
469,TE
470,CAÑA DE AZUCAR
471,CAÑA DE AZUCAR
472,CAÑA DE AZUCAR
473,CAÑA DE AZUCAR
474,CAÑA DE AZUCAR
475,CAÑA DE AZUCAR
476,CAÑA DE AZUCAR
477,CAÑA DE AZUCAR
478,CAÑA DE AZUCAR
479,CAÑA DE AZUCAR
480,CAÑA DE AZUCAR
481,CAÑA DE AZUCAR
482,CAÑA DE AZUCAR
483,CAÑA DE AZUCAR
484,CAÑA DE AZUCAR
485,CAÑA DE AZUCAR
486,CAÑA DE AZUCAR
487,CAÑA DE AZUCAR
488,CAÑA DE AZUCAR
489,CAÑA DE AZUCAR
490,CAÑA DE AZUCAR
491,CAÑA DE AZUCAR
492,CAÑA DE AZUCAR
493,CAÑA DE AZUCAR
494,CAÑA DE AZUCAR
495,CAÑA DE AZUCAR
496,CAÑA DE AZUCAR
497,CAÑA DE AZUCAR
498,YERBA MATE
499,CAÑA DE AZUCAR
500,CAÑA DE AZUCAR
501,CAÑA DE AZUCAR
502,CAÑA DE AZUCAR
503,CAÑA DE AZUCAR
504,CAÑA DE AZUCAR
505,CAÑA DE AZUCAR
506,CAÑA DE AZUCAR
507,CAÑA DE AZUCAR
508,CAÑA DE AZUCAR
509,CAÑA DE AZUCAR
510,CAÑA DE AZUCAR
511,CAÑA DE AZUCAR
512,CAÑA DE AZUCAR
513,YERBA MATE
514,CAÑA DE AZUCAR
515,CAÑA DE AZUCAR
516,CAÑA DE AZUCAR
517,CAÑA DE AZUCAR
518,CAÑA DE AZUCAR
519,CAÑA DE AZUCAR
520,CAÑA DE AZUCAR
521,CAÑA DE AZUCAR
522,CAÑA DE AZUCAR
523,CAÑA DE AZUCAR
524,CAÑA DE AZUCAR
525,CAÑA DE AZUCAR
526,CAÑA DE AZUCAR
527,CAÑA DE AZUCAR
528,CAÑA DE AZUCAR
529,YERBA MATE
530,CAÑA DE AZUCAR
531,CAÑA DE AZUCAR
532,CAÑA DE AZUCAR
533,CAÑA DE AZUCAR
534,CAÑA DE AZUCAR
535,CAÑA DE AZUCAR
536,YERBA MATE
537,TE
537,YERBA MATE
538,CAÑA DE AZUCAR
539,CAÑA DE AZUCAR
540,SIN PROD
541,TE
542,CAÑA DE AZUCAR
543,YERBA MATE
544,CAÑA DE AZUCAR
545,CAÑA DE AZUCAR
546,CAÑA DE AZUCAR
547,CAÑA DE AZUCAR
548,CAÑA DE AZUCAR
549,YERBA
549,CAÑA DE AZUCAR
549,MANDIOCA
549,AROMATICAS
549,MEDICINALES
550,CAÑA DE AZUCAR
551,CAÑA DE AZUCAR
552,CAÑA DE AZUCAR
553,YERBA
553,TE
553,POMELO
553,QUINOTO
553,MANDARINA
553,NARANJA
554,CAÑA DE AZUCAR
555,CAÑA DE AZUCAR
556,TE
556,YERBA MATE
557,CAÑA DE AZUCAR
558,CAÑA DE AZUCAR
559,CAÑA DE AZUCAR
560,CAÑA DE AZUCAR
561,CAÑA DE AZUCAR
562,CAÑA DE AZUCAR
563,CAÑA DE AZUCAR
564,CAÑA DE AZUCAR
565,CAÑA DE AZUCAR
566,CAÑA DE AZUCAR
567,CAÑA DE AZUCAR
568,CAÑA DE AZUCAR
569,CAÑA DE AZUCAR
570,CAÑA DE AZUCAR
571,CAÑA DE AZUCAR
572,CAÑA DE AZUCAR
573,CAÑA DE AZUCAR
574,CAÑA DE AZUCAR
575,CAÑA DE AZUCAR
576,INCULTO
577,YERBA MATE
578,CAÑA DE AZUCAR
579,CAÑA DE AZUCAR
580,CAÑA DE AZUCAR
581,CAÑA DE AZUCAR
582,CAÑA DE AZUCAR
583,CAÑA DE AZUCAR
584,CAÑA DE AZUCAR
585,CAÑA DE AZUCAR
586,CAÑA DE AZUCAR
587,CAÑA DE AZUCAR
588,CAÑA DE AZUCAR
589,YERBA MATE
590,CAÑA DE AZUCAR
591,CAÑA DE AZUCAR
592,CAÑA DE AZUCAR
593,CAÑA DE AZUCAR
594,CAÑA DE AZUCAR
595,CAÑA DE AZUCAR
596,CAÑA DE AZUCAR
597,CAÑA DE AZUCAR
598,CAÑA DE AZUCAR
599,CAÑA DE AZUCAR
600,CAÑA DE AZUCAR
601,YERBA MATE
602,CAÑA DE AZUCAR
603,CAÑA DE AZUCAR
604,CAÑA DE AZUCAR
605,CAÑA DE AZUCAR
606,YERBA MATE
607,CAÑA DE AZUCAR
608,CAÑA DE AZUCAR
609,CAÑA DE AZUCAR
610,CAÑA DE AZUCAR
611,CAÑA DE AZUCAR
612,CAÑA DE AZUCAR
613,CAÑA DE AZUCAR
614,CAÑA DE AZUCAR
615,CAÑA DE AZUCAR
616,CAÑA DE AZUCAR
617,POROTO SABLE
617,STEVIA
617,YERBA MATE
618,CAÑA DE AZUCAR
619,CAÑA DE AZUCAR
620,CAÑA DE AZUCAR
621,CAÑA DE AZUCAR
622,CAÑA DE AZUCAR
623,CAÑA DE AZUCAR
624,CAÑA DE AZUCAR
625,CAÑA DE AZUCAR
626,CAÑA DE AZUCAR
627,CAÑA DE AZUCAR
628,CAÑA DE AZUCAR
629,INDEFINIDO
630,CAÑA DE AZUCAR
631,CAÑA DE AZUCAR
632,CAÑA DE AZUCAR
633,CAÑA DE AZUCAR
634,CAÑA DE AZUCAR
635,CAÑA DE AZUCAR
636,CAÑA DE AZUCAR
637,CAÑA DE AZUCAR
638,YERBA MATE
638,STEVIA
638,ANANA
638,MANDARINA
639,CAÑA DE AZUCAR
640,CAÑA DE AZUCAR
641,CAÑA DE AZUCAR
642,CAÑA DE AZUCAR
643,VAQUILLONAS
643,TERNEROS
643,TOROS
643,VACAS
644,CAÑA DE AZUCAR
645,MANZANA
645,PERA
646,CIRUELA
646,DURAZNO
647,MANZANA
647,PERA
648,MANZANA
648,PERA
649,MANZANA
649,VIVERO
650,MANZANA
650,PERA
651,PERA
651,MANZANA
651,CIRUELA
652,MANZANA
652,PERA
652,CIRUELA
653,MANZANA
653,PERA
653,CIRUELA
654,MANZANAS
654,PERAS
655,MANZANA
655,PERA
656,MANZANA
657,PERA
658,MANZANA
658,PERA
659,MANZANA
659,PERA
660,MANZANA
660,PERA
661,MANZANA
661,PERA
662,MANZANA
662,PERA
663,MANZANA
664,MANZANA
664,PERA
665,MANZANA
665,PERA
666,MANZANA
666,PERA
667,PERA
668,PERA
669,MANZANA
669,PERA
670,MANZANA
670,PERA
671,MANZANA
671,PERA
672,PERA
673,MANZANA
673,PERA
674,MANZANA
674,PERA
675,MANZANA
675,PERA
676,MANZANA
676,PERA
676,CEREZA
676,VIVERO
677,MANZANA
677,PERA
678,MANZANA
678,PERA
679,MANZANA
679,PERA
680,PERA
681,MANZANA
681,PERA
682,MANZANA
682,PERA
683,MANZANA
683,PERA
683,CEREZA
683,DURAZNO
683,DAMASCO
684,MANZANA
684,PERA
684,CIRUELA
685,MANZANA
686,PERA
687,MANZANA
687,PERA
688,MANZANAS
688,PERAS
689,MANZANA
689,PERA
690,PERA
691,MANZANA
691,PERA
692,MANZANA
692,PERA
693,MANZANA
693,PERA
693,CALENDULA
694,MANZANA
694,PERA
695,PERA
695,MANZANA
695,CIRUELA
696,MANZANA
696,PERA
697,MANZANA
697,PERA
698,PERA
698,CIRUELA
699,VACAS
699,LECHE
699,VAQUILLONAS
699,NOVILLOS
699,TERNERAS
699,TERNEROS
699,TOROS
700,CEREZA
701,PERA
701,MANZANA
702,PERA
702,MANZANA
703,PERA
703,MANZANA
704,CERELAES
704,OELAGINOSAS
704,MEGAFARDOS DE ALFALFA
705,PERA
705,MANZANA
706,PERA
706,MANZANA
706,PELON
706,DURAZNO
707,MANZANAS
707,PERAS
708,PERA
708,MANZANA
709,MANZANA
710,MANZANA
710,PERA
711,MANZANAS
712,MANZANAS
712,PERAS
713,VID
714,VID
715,VID
716,VID
717,VID
718,VID
719,MANZANA
719,PERA
720,VACAS
720,VAQUILLONAS
720,TOROS
721,PERA
722,PERA
723,MANZANA
723,PERA
724,CARNE BOVINA
724,CARNE OVINA
724,LANA
725,MANZANAS
725,PERAS
726,MANZANAS
726,PERAS
727,MANZANAS
727,PERAS
728,MANZANAS
728,PERAS
729,MANZANAS
729,PERAS
730,MANZANAS
730,PERAS
731,PERA
731,MANZANA
732,MANZANAS
732,PERAS
733,MANZANAS
733,PERAS
734,MANZANA
734,PERA
735,MANZANA
735,PERA
735,CIRUELA
735,PELON
736,PERA
736,MANZANA
737,PERA
737,MANZANA
737,VID
738,MANZANAS
738,PERAS
739,MANZANA
739,PERA
740,PERA
741,PERA
742,MANZANA
742,PERA
743,PERAS
743,MANZANAS
744,PERAS
744,MANZANAS
745,PERAS
745,MANZANAS
746,PERAS
746,MANZANAS
747,PERAS
747,MANZANAS
748,PERAS
748,MANZANAS
749,PERAS
749,MANZANAS
750,PERA
750,MANZANA
750,DURAZNO
751,PERA
752,MANZANA
752,PERA
753,MANZANA
753,PERA
754,MANZANAS
754,PERAS
755,MANZANA
755,PERA
756,PERA
756,MANZANA
756,INCULTO
757,PERA
757,MANZANA
758,PERA
758,MANZANA
759,MANZANA
759,PERA
760,INCULTO
761,MANZANA
761,PERA
762,MANZANA
762,PERA
763,PERA
763,MANZANA
763,MEMBRILLO
763,INCULTO
763,DAMASCO
763,CIRUELA
763,AVELLANAS
763,ALMENDRAS
763,DURAZNO
763,CEREZA
764,MANZANA
764,PERA
765,PERAS
765,MANZANAS
766,PERAS
766,MANZANAS
767,MANZANA
768,PERA
769,PERA
770,MANZANA
770,PERA
771,BORREGAS
771,OVEJAS
771,BORREGOS
771,CARNEROS
771,CAPONES
772,MANZANA
772,PERA
772,NOGAL
773,MANZANAS
773,PERAS
774,MANZANA
774,PERA
774,CIRUELA
775,MANZANA
775,PERA
776,MANZANA
776,PERA
777,MANZANA
777,PERA
778,MANZANA
778,PERA
779,MANZANA
779,PERA
780,PERAS
781,MANZANAS
781,PERAS
782,MANZANA
782,PERA
783,PERA
784,MANZANA
784,PERA
785,INDEFINIDO
786,MANZANA
786,PERA
787,MANZANA
787,PERA
788,MANZANA
788,PERA
789,MANZANA
789,PERA
790,MANZANA
790,PERA
791,MANZANAS
792,MANZANAS
792,PERAS
793,MANZANA
793,PERA
794,MANZANA
794,PERA
795,MANZANA
795,PERA
796,MANZANA
796,PERA
797,MANZANA
797,PERA
798,MANZANAS
798,PERAS
799,MANZANA
799,PERA
799,DURAZNO
800,MANZANAS
800,PERAS
801,PERAS
802,PERAS
802,MANZANAS
803,MANZANA
803,PERA
804,MANZANA
804,PERA
805,MANZANA
805,PERA
805,PELON
806,MANZANA
806,PERA
807,MANZANA
807,PERA
808,NUECES
808,NUEZ SECA PELADA
808,NUEZ SECA CON CASCARA
809,NUECES
809,NUEZ SECA PELADA
809,NUEZ SECA CON CASCARA
810,MANZANA
810,PERA
811,MANZANA
811,PERA
812,PERAS
813,PERAS
814,MANZANA
814,PERA
815,MANZANAS
815,PERAS
816,MANZANAS
816,PERAS
817,LANA
817,OVEJAS
817,BORREGOS
817,BORREGAS
817,CAPONES
817,CORDEROS
817,CARNEROS
818,MANZANAS
818,PERAS
819,MANZANAS
819,PERAS
820,PERA
820,MANZANA
820,CEREZA
821,MANZANA
821,PERA
822,MANZANA
822,PERA
823,MANZANA
823,PERA
824,MANZANA
824,PERA
825,MANZANAS
825,PERAS
826,MANZANAS
826,PERAS
827,MANZANA
827,PERA
828,UVAS
829,MANZANA
829,PERA
829,DURAZNO
830,MANZANZA
830,PERA
830,DURAZNO
830,CIRUELA
831,PERAS
832,MANZANA
832,PERA
833,MANZANA
833,PERA
834,MANZANA
834,PERA
835,MANZANA
835,PERA
836,CHIA
836,SOJA
836,POROTO
837,CEREALES
837,OLEAGINOSAS
837,LEGUMINOSAS
838,AROMATICAS
838,PASTOS NATURALES E IMPLANTADOS
839,SESAMO
839,CHIA
840,VID
841,INCULTO
842,DESCANSO
842,CAÑA DE AZUCAR
843,CHIA
844,DESCANSO
845,DESCANSO
846,QUINOA
846,CHIA
846,SESAMO
846,SORGO
847,SESAMO
847,CHIA
848,CAÑA DE AZUCAR
848,INCULTO
849,INCULTO
850,INCULTO
851,BOVINOS
851,NUECES
852,INCULTO
853,CAÑA DE AZUCAR
853,INCULTO
854,INCULTO
855,INCULTO
856,CHIA
857,CHIA
858,CHIA
859,CHIA
859,POROTO
859,CAPUERA
860,ALFALFA
861,VID
862,INCULTO
863,POROTO NEGRO
863,DESCANSO
864,INCULTO
865,VID
866,CHIA
867,CHIA
868,CHIA
869,MAIZ
870,UVAS
870,QUINOA
871,ZAPALLO
872,ESPARRAGO
872,ZAPALLO ANCO
872,ALAMO
873,VID
874,VID
875,INCULTO
876,UVA DE MESA
876,INCULTO
876,PASAS DE UVA
877,UVA DE MESA
877,PASAS DE UVA
878,INCULTO
879,VID
880,INCULTO
881,VID
881,OLIVOS
882,VID
882,OLIVOS
883,VID
884,OLIVOS
885,VID
886,VID
886,MELON
887,AJO
888,INCULTO
889,VID
890,ZAPALLO
890,ESPARRAGOS
891,ESPARRAGOS
892,ESPARRAGOS
892,BROCOLI
892,REPOLLO
893,ESPARRAGOS
893,BROCOLI
893,REPOLLO
894,ESPARRAGOS
894,ALCAUCIL
895,ESPARRAGOS
896,ESPARRAGOS
896,INCULTO
897,VID
898,VID
898,DURAZNO
898,TOMATE PERITA
899,VID
900,VID
901,INCULTO
902,VID
903,VID
904,PASTURA NATURAL
905,VACAS
905,TERNERAS
905,TERNEROS
905,TOROS
905,VAQUILLONAS
906,OREGANO
906,TOMILLO
906,ROMERO
906,LAVANDA
906,MENTA
906,MAIZ
906,ZAPALLO ANCO
907,ALFALFA
908,INCULTO
909,SIN PROD
910,LANA
910,OVEJAS
910,BORREGOS
910,BORREGAS
910,CAPONES
910,CARNEROS
911,CARNE BOVINA
911,CARNE OVINA
911,LANA
912,CARNE BOVINA
912,CARNE OVINA
912,LANA
913,LANA
913,OVEJAS
913,CORDEROS
913,BORREGAS
913,CARNEROS
914,OVEJAS
914,CAPONES
914,BORREGOS
914,CARNEROS
915,CARNE BOVINA
915,CARNE OVINA
915,LANA
916,TRUCHA ARCO IRIS
917,VAQUILLONAS
917,VACAS
917,TERNEROS
918,OVEJAS
918,BORREGAS
918,BORREGOS
918,CAPONES
918,CARNEROS
919,LANA
919,OVEJAS
919,CARNEROS
919,BORREGOS
919,BORREGAS
919,CAPONES
920,OVEJAS
920,LANA
920,BORREGOS
920,BORREGAS
920,CARNEROS
921,LANA
921,OVEJAS
921,CAPONES
921,BORREGOS
921,BORREGAS
921,CARNEROS
922,OVEJAS
922,LANA
922,BORREGAS
922,BORREGOS
922,CARNEROS
922,CAPONES
923,OVEJAS
923,BORREGAS
923,CAPONES
923,CARNEROS
924,TRIGO
924,SORGO
925,GIRASOL
925,SOJA
925,TRIGO
925,MAIZ PISINGALLO
926,HIGOS
926,GRANADAS
926,PALTAS
927,MIEL
927,SUBPRODUCTOS DE LA COLMENA
928,MIEL
929,MIEL
930,TRIGO
930,SOJA
931,BOVINOS
932,BOVINOS
933,PASTOS NATURALES
934,FRUTICULTURA
934,HORTICULTURA
934,AROMATICAS
934,MEDICINALES
934,DULCES
935,MIEL
935,SUBPRODUCTOS DE LA COLMENA
936,MIEL
937,MIEL
937,EXTRACCION
937,FRACCIONAMIENTO DE MIEL
938,MIEL
939,CEREALES
939,OLEAGINOSAS
940,HORTALIZAS DE HOJA
940,RAIZ
940,FRUTO
940,CONGELADO DE FRUTILLAS
941,CEREALES
941,OLEAGINOSAS
941,LEGUMINOSAS
942,MIEL
942,SUBPRODUCTOS DE LA COLMENA
943,MIEL
943,SUBPRODUCTOS DE LA COLMENA
944,MIEL
944,SUBPRODUCTOS DE LA COLMENA
945,MIEL
945,SUBPRODUCTOS DE LA COLMENA
946,HORTALIZAS DE HOJAS
946,FRUTOS
946,AROMATICAS
947,MIEL
947,SUBPRODUCTOS DE LA COLMENA
948,CHIA
949,MIEL
949,SUBPRODUCTOS DE LA COLMENA
950,ARANDANO
951,INCULTO
951,ARANDANO
952,ARANDANO
952,FRUTILLA
953,ARANDANO
953,INCULTO
953,FRAMBUESA
954,ARANDANO
954,MORA
955,ARANDANO
955,INCULTO
956,ARANDANO
957,INCULTO
958,CHIA
958,POROTO NEGRO
958,GARBANZO
959,LIMON
960,ARANDANO
960,INCULTO
961,INCULTO
961,ARANDANO
962,ARANDANO
962,FRUTILLA
962,INCULTO
963,CHIA
964,LIMON
965,CHIA
965,FRUTILLA
965,INCULTO
966,ARANDANO
966,INCULTO
966,PASTIZAL NATURAL
967,PALTA
967,LIMON
967,NARANJA
967,MANDARINA
967,INCULTO
968,CHIA
969,ARANDANO
969,INCULTO
970,VACAS
970,TOROS
970,VAQUILLONAS
970,TERNERAS
970,NOVILLOS
971,VACAS
971,TERNEROS
971,TERNERAS
971,VAQUILLONAS
971,TOROS
972,VACAS
972,TOROS
972,TERNEROS
972,VAQUILLONAS
973,MEJILLON
974,EMULSION CORPORAL SUAVIZANTE
974,EMULSION CORPORAL NUTRITIVA
974,EMULSION CORPORAL ANTIAGE
974,CREMA FACIAL ANTIAGE
974,CREMA FACIAL DIURNA
974,CREMA FACIAL NOCTURNA NUTRITIVA
974,SERUM CONTORNO DE OJOS
974,SERUM CONTORNO DE LABIOS
974,TONICO FACIAL
974,ACEITE DE LIMPIEZA
975,MIEL
976,PAPILLA PARA BEBE
977,MIEL
978,CHIA
979,NUEZ PECAN
980,ACOPIO DE CEREALES
980,OLEAGINOSAS
981,ACEITE DE GIRASOL
981,ACEITE DE COLZA
981,EXPELLER DE GIRASOL
981,EXPELLER DE COLZA
981,HARINA DE COLZA
982,SOJA
982,GIRASOL
982,HARINA SOJA
982,HARINA GIRASOL
982,ACEITE DE SOJA
982,ACEITE DE GIRASOL
982,COLZA
982,HARINA DE COLZA
982,ACEITE DE COLZA
982,GARBANZO
983,CHIA
983,ARROZ
983,TORTA DE SOJA
983,MAIZ
983,TRIGO
983,GIRASOL
983,CARTAMO
983,HARINA DE SOJA
983,HARINA DE GIRASOL
983,ACEITE DE SOJA
983,AVENA
983,SORGO
983,CEBADA
983,LINO
983,CENTENO
983,MIJO
983,ACEITE DE GIRASOL
984,CEREALES
984,OLEAGINOSAS
984,CEREALES
984,OLEAGINOSAS
985,ACEITE DE OLIVA
986,FRUTAS
986,FRUTAS IQF
987,FRUTAS
987,HORTALIZAS
988,YERBA MATE
989,MIEL
989,SUBPRODUCTOS DE LA COLMENA
990,AZUCAR DE CAÑA
991,ACEITE DE GIRASOL
991,HARINA DE TRIGO
992,YERBA MATE
992,TE
993,MIEL
993,CERA
994,TURRON
994,GARRAPIÑADA
994,CARAMELOS
994,CHUPETINES
994,MIEL
995,TRIGO
996,KIWIS
997,LINO
997,MIJO
997,SOJA
997,ARROZ
997,GIRASOL
997,AVENA ARROLLADA
998,QUESO
998,QUESO SABORIZADO
999,TRIGO
1000,ALIMENTO BALANCEADO
1001,FRUTAS
1001,HORTALIZAS FRESCAS
1001,DULCES
1002,AZUCAR DE CAÑA
1003,AZUCAR DE CAÑA
1004,MERMELADA DE KIWI
1004,JUGO DE KIWI
1004,JUGO DE FRAMBUESA
1004,JUGO DE DURAZNO
1004,JUGO DE CIRUELA
1004,JUGO DE PERA
1004,JUGO DE ARANDANO
1004,PULPA DE KIWI
1004,PULPA DE FRAMBUESA
1004,PULPA DE DURAZNO
1004,PULPA DE CIRUELA
1004,PULPA DE PERA
1004,PULPA DE ARANDANO
1005,CHUFA
1006,SOJA
1006,MAIZ
1006,MAIZ PISINGALLO
1006,GIRASOL
1006,TRIGO
1006,SORGO
1006,ARVEJA
1006,CEBADA
1006,LINO
1007,AZUCAR INTEGRAL DE CAÑA
1007,ACEITE DE OLIVA
1007,HARINA INTEGRAL
1007,YERBA MATE
1007,HARINA DE SOJA
1007,HARINA DE SOJA TOSTADA
1007,POROTO DE SOJA
1007,SEMILLAS DE LINO
1007,TRIGO PAN
1007,HARINA DE MAIZ
1007,TE VERDE
1007,SEMITA DE MAIZ
1007,MAIZ PISINGALLO
1007,ACEITUNAS VERDES
1007,ACEITUNAS NEGRAS
1007,TE NEGRO
1007,MIX PARA MILANESA DE SOJA
1007,REBOZADOR
1007,TE DE ROSA MOSQUETA
1008,TE ROJO
1008,TE DE ROSA MOSQUETA
1008,YERBA MATE
1009,HIERBAS AROMATICAS
1009,AJEDREA
1009,SALVIA
1009,MELISA
1009,ROMERO
1009,OREGANO
1009,TOMILLO
1009,MENTA
1009,YERBA MATE
1009,ESTRAGON
1009,LAVANDA
1009,LAVANDIN
1009,MEZCLA PARA AVES
1009,CARNES
1009,PESCADOS
1009,MEZCLA DE HIERBAS PARA INFUSION
1009,TE VERDE CON MENTA
1009,CEDRON
1009,HISOPO
1009,HOJA DE PARRA
1009,CHIA
1009,TILO
1010,GALLETA DE ARROZ
1010,REBOZADOR DE ARROZ
1010,HARINA DE ARROZ
1010,ARROZ
1010,MAIZ
1010,LINO
1010,GIRASOL
1011,SORGO
1011,LINO
1011,SOJA
1011,MAIZ
1011,MAIZ PISINGALLO
1011,GIRASOL
1011,COLZA CANOLA
1011,ACEITE DE SOJA
1011,ACEITE DE GIRASOL
1011,EXPELLER DE GIRASOL
1011,ACEITE DE COLZA CANOLA
1011,EXPELLER DE COLZA CANOLA
1011,ACEITE DE CARTAMO
1011,EXPELLER DE CARTAMO
1012,MIEL
1012,CERA
1013,CEREALES
1013,OLEAGINOSAS
1014,MIEL
1014,SUBPRODUCTOS DE LA COLMENA
1015,CHIA
1015,ACEITE DE CHIA
1016,AJO NEGRO
1017,CHIA
1017,SESAMO
1018,KIWIS
1019,ACEITE DE GIRASOL
1019,EXPELLER DE GIRASOL
1019,ACEITE DE CANOLA
1019,ACEITE DE SOJA
1019,EXPELLER DE SOJA
1019,GIRASOL
1019,CANOLA
1019,EXPELLER DE CANOLA
1019,SORGO
1019,TRIGO
1019,MAIZ PISINGALLO
1019,MAIZ
1019,SOJA
1020,MAIZ
1020,GIRASOL
1020,SOJA
1020,CANOLA
1021,GIRASOL
1021,SOJA
1021,MAIZ
1021,CANOLA
1022,TOFU
1023,MIEL
1024,MENTA
1024,TE
1025,ALCOHOL
1026,AVENA ARROLLADA
1027,CEBADA
1028,MIEL
1029,GIRASOL
1029,SOJA
1029,MAIZ
1029,MAIZ PISINGALLO
1029,CANOLA
1030,MAIZ
1030,MAIZ PISINGALLO
1030,SOJA
1030,GIRASOL
1030,CANOLA
1030,TRIGO
1030,CEBADA
1031,MAIZ
1031,SOJA
1031,GIRASOL
1031,TRIGO
1031,CEBADA
1031,CANOLA
1032,ACEITE DE SOJA
1032,ACEITE DE GIRASOL
1032,ACEITES DE COLZA
1032,HARINA DE SOJA
1032,EXPELLER DE GIRASOL
1032,EXPELLER DE CANOLA
1033,HARINA DE MAIZ
1033,HOMINY GRITS
1033,MAIZ PISINGALLO
1033,SEMOLA DE MAIZ
1033,SEMITA DE MAIZ
1033,HARINA ZOOTECNICA
1034,ARROZ
1034,TRIGO
1034,HORTALIZAS
1034,SOJA
1034,SALSA DE SOJA
1034,PASTA DE SOJA
1034,QUESO DE SOJA
1035,GIRASOL ALTO OLEICO
1035,SOJA
1035,MAIZ
1035,GIRASOL
1035,CANOLA
1035,GARBANZO
1036,SEMILLAS
1036,HARINAS
1036,ACEITES
1037,ARANDANO
1037,FRAMBUESA
1037,ZAPALLO
1038,HORTALIZAS
1039,LINO
1039,CHIA
1040,MIEL
1041,VINO
1042,ACEITE DE GIRASOL ALTO OLEICO
1043,VINO
1044,ACEITE DE OLIVA
1045,ACEITE DE OLIVA
1046,ACEITE ESENCIAL DE GERANIO
1046,ACEITE ESENCIAL DE OREGANO
1046,ACEITE ESENCIAL DE LEMONGRASS
1047,ACEITE DE OLIVA
1048,MANI
1049,MANI
1050,ESPARRAGOS
1051,MANI
1052,MANI
1052,MANI CONFITERIA
1052,MANI FRITO SALADO
1052,MANI TOSTADO
1052,PASTA DE MANI
1052,HARINA DE MANI
1052,ACEITE DE MANI
1053,MANI
1054,ACEITUNAS
1054,ACEITE DE OLIVA
1055,SOJA
1055,MANI
1055,ACEITE DE SOJA
1055,ACEITE DE MANI
1055,EXPELLER DE SOJA
1055,HARINA DE MANI
1056,MANI
1056,SOJA
1057,MANI
1057,SOJA
1058,MIEL
1058,CERA
1059,YERBA MATE
1059,YERBA MATE SABORIZADA
1060,ARROZ
1061,ARROZ
1062,JUGO CONCENTRADO CONGELADO DE NARANJA
1062,JUGO CONCENTRADO CONGELADO DE MANDARINA
1062,JUGO CONCENTRADO CONGELADO DE POMELO
1062,JUGO CONCENTRADO CONGELADO DE LIMON
1062,JUGO PASTEURIZADO CONGELADO DE NARANJA
1062,JUGO PASTEURIZADO CONGELADO DE MANDARINA
1062,JUGO PASTEURIZADO CONGELADO DE POMELO
1062,JUGO PASTEURIZADO CONGELADO DE LIMON
1062,ACEITE ESENCIAL DE NARANJA
1062,ACEITE ESENCIAL DE MANDARINA
1062,ACEITE ESENCIAL DE POMELO
1062,ACEITE ESENCIAL DE LIMON
1062,SEMILLAS DE LIMON
1062,SEMILLAS DE POMELO
1063,MIEL
1064,MIEL
1064,CERA
1065,ROSA MOSQUETA
1065,CASCARILLA DE ROSA MOSQUETA
1065,ACEITE DE ROSA MOSQUETA
1066,CONFITURAS
1066,FRUTAS AL NATURAL
1067,LANA
1068,BLOUSSE
1068,LANA
1068,LANA
1069,ACEITE DE PARAMELA
1070,LANA
1070,LANA
1070,TOPS DE LANA
1071,TOPS DE LANA
1071,LANA
1072,ELAB ACEITE ROSA MOSQUETA
1073,ELAB ACEITE ROSA MOSQUETA
1074,ALGAS MARINAS
1074,EXTRACTO DE ALGAS LIOFILIZADO
1075,EXTRACTO DE ALGAS LIOFILIZADO
1076,LANA
1077,MIEL
1077,EXTRACCION DE MIEL
1077,ESTAMPADO DE CERA
1078,MIEL
1079,ARROZ
1080,ARROZ BLANCO PULIDO
1081,JUGO CONCENTRADO CONGELADO DE LIMON
1081,JUGO CONCENTRADO CONGELADO DE MANDARINA
1081,JUGO CONCENTRADO CONGELADO DE NARANJA
1081,JUGO CONCENTRADO CONGELADO DE POMELO
1081,JUGO PASTEURIZADO CONGELADO DE LIMON
1081,JUGO PASTEURIZADO CONGELADO DE MANDARINA
1081,JUGO PASTEURIZADO CONGELADO DE NARANJA
1081,JUGO PASTEURIZADO CONGELADO DE POMELO
1081,ACEITE ESENCIAL DE LIMON
1081,ACEITE ESENCIAL DE MANDARINA
1081,ACEITE ESENCIAL DE NARANJA
1081,ACEITE ESENCIAL DE POMELO
1081,FASE OLEOSA DE LIMON
1081,FASE OLEOSA DE MANDARINA
1081,FASE OLEOSA DE NARANJA
1081,FASE OLEOSA DE POMELO
1082,ARROZ INTEGRAL
1082,BLANCO PULIDO
1082,PARTIDO
1082,ACOPIO DE MAIZ
1082,SORGO
1082,MIJO
1082,LINO
1083,CHIA
1083,TRIGO
1083,LINO
1083,ARROZ
1083,SORGO
1084,SORGO
1084,GIRASOL
1084,MIJO
1084,LINO
1084,ARROZ
1084,TRIGO
1084,HARINA
1084,SEMOLA DE ARROZ
1085,ARROZ
1086,MANDARINA
1086,LIMON
1086,NARANJA
1086,DURAZNO
1086,CIRUELA
1086,AJO
1086,POMELO
1086,SANDIA
1086,ZAPALLO
1087,ACEITE ESENCIAL DE LIMON
1087,JUGO CONCENTRADO DE LIMON
1087,PULPA CONGELADA DE LIMON
1087,ACEITE DE MANDARINA
1087,JUGO CONCENTRADO DE MANDARINA
1087,ACEITE ESENCIAL DE POMELO
1087,ACEITE ESENCIAL DE NARANJA
1087,JUGO CONCENTRADO DE NARANJA
1087,PULPA CONGELADA DE NARANJA
1087,JUGO CONCENTRADO CONGELADO DE POMELO
1087,PULPA CONGELADA DE POMELO
1087,PULPA CONCENTRADA DE MANDARINA
1088,AZUCAR DE CAÑA
1089,AZUCAR DE CAÑA
1090,CHIA
1091,SEMILLA DE JOJOBA
1091,ACEITE DE JOJOBA
1092,ACEITUNAS
1093,ACEITE DE OLIVA
1094,VINO
1094,ACEITE DE OLIVA
1095,ACEITE DE OLIVA
1096,ACEITE DE JOJOBA
1097,UVA PASA
1098,ACEITE DE JOJOBA
1098,ACEITE DE CHIA
1099,ACEITE DE OLIVA
1099,ACEITE DE OLIVA SABORIZADO
1100,PASAS DE UVA
1101,UVA PASA
1102,UVA PASA
1103,UVA PASA
1104,OLIVA
1105,VINO
1106,PULPA DE MANZANA
1106,PURE DE MANZANA
1106,PULPA DE PERA
1106,PURE DE PERA
1107,VINO
1108,MANZANA
1109,AJO
1109,ZAPALLO
1110,PULPA DE PERA
1110,PULPA CONCENTRADA DE PERA
1110,PULPA DE MANZANA
1110,PULPA CONCENTRADA DE MANZANA
1110,PULPA DE DURAZNO
1110,PULPA CONCENTRADA DE DURAZNO
1110,PULPA DE DAMASCO
1110,PULPA CONCENTRADA DE DAMASCO
1110,PULPA DE ZAPALLO
1110,PULPA DE ZANAHORIA
1110,PURE DE PERA CONCENTRADO
1110,PURE DE PERA
1110,PURE DE MANZANA
1110,PURE DE MANZANA CONCENTRADO
1110,PURE DE DURAZNO
1110,PURE DE DURAZNO CONCENTRADO
1110,PURE DE DAMASCO
1110,PURE DE DAMASCO CONCENTRADO
1110,PURE DE ZAPALLO
1110,PURE DE ZANAHORIA
1110,PURE DE BATATA
1111,AJO
1112,AJO NEGRO
1113,VINO
1114,VINO
1115,ZAPALLO
1115,AJO
1116,VINO
1117,VINO
1118,VINO
1118,PINOT GRIS
1118,MALBEC 2015
1119,VINO
1120,VINO
1121,VINO
1122,VINO
1123,VINO
1124,AJO
1125,VINO
1126,CIRUELAS SECAS
1127,VINO
1128,ACEITE DE OLIVA
1129,VINO
1130,VINO
1131,VINO
1132,VINO
1133,VINO
1134,PULPA DE PERA
1134,PULPA DE MANZANA
1134,PULPA DE DAMASCO
1134,PULPA DE DURAZNO
1134,PULPA DE ZAPALLO
1134,PURE DE BATATA
1134,PULPA DE ZANAHORIA
1135,VINO
1136,VINO
1137,VINO
1138,VINO
1139,VINO
1140,VINO
1141,PURE DE MANZANA
1141,PURE DE MANZANA CONCENTRADO
1141,PURE DE PERA
1141,PURE DE PERA CONCENTRADO
1141,PURE DE DAMASCO
1141,PURE DE DAMASCO CONCENTRADO
1141,PURE DE CIRUELA CONCENTRADO
1142,VINO
1143,VINO
1144,VINO
1145,VINO
1146,JUGO DE UVA
1147,JUGO CONCENTRADO DE UVA
1148,VINOS
1148,ESPUMANTES
1149,VINO
1150,ACEITUNAS
1150,CIRUELAS
1150,DAMASCOS
1150,NUECES
1151,VINO
1152,VINO
1153,VINO
1154,HORTALIZAS
1155,VINO
1156,VINO
1157,VINO
1157,MOSTO
1158,NUEZ
1159,VINO
1160,VINO
1161,ACEITE DE OLIVA
1162,VINO
1163,ACEITE DE OLVIA
1164,VINO
1164,JUGO DE UVA
1165,VINO
1166,CIRUELA DESECADA
1167,AJO
1168,VINO
1169,ESPARRAGOS
1170,VINO
1171,VINO
1172,AJO
1173,CIRUELA DESECADA
1174,VINO
1175,CIRUELAS DESECADAS
1176,VINO
1177,ACEITE DE OLIVA
1178,VINO
1179,JUGO DE UVA CONCENTRADO BLANCO
1180,VINO
1181,VINO
1181,UVAS
1181,ACEITUNAS
1182,YERBA MATE
1183,YERBA MATE
1183,TE NEGRO
1183,TE ROJO
1183,TE VERDE
1184,YERBA MATE
1184,TE
1185,YERBA MATE
1186,YERBA MATE CANCHADA
1186,MOLIDA ENVASADA
1187,MATE COCIDO
1187,YERBA MATE
1187,TE
1188,AZUCAR DE CAÑA
1189,YERBA MATE
1190,YERBA MATE
1191,YERBA MATE
1192,TE
1192,TE SABORIZADO
1192,YERBA MATE
1193,YERBA MATE
1194,YERBA MATE
1195,TE
1196,YERBA MATE
1197,CIRUELA
1197,DURAZNO
1197,PERA
1197,MANZANA
1198,MANZANAS
1198,PERAS
1199,CEREZAS
1200,PERA
1200,MANZANA
1201,PERA
1201,MANZANA
1202,PERA
1202,MANZANA
1203,PERA
1203,MANZANA
1204,JUGO CONCENTRADO DE MANZANA
1204,PERA
1204,AROMAS DE PERA
1204,MANZANA
1204,JUGO CONCENTRADO TURBIO DE PERA
1204,MANZANA
1204,PASTA DE PERA
1204,MANZANA
1205,AROMAS DE  MANZANA
1205,AROMAS DE PERA
1205,JUGO CONCENTRADO DE MANZANA
1205,JUGO CONCENTRADO DE PERA
1206,CEREZAS
1207,PERA
1207,MANZANA
1207,CIRUELA
1207,DURAZNO
1208,PERA
1208,CEREZA
1208,ZAPALLO
1208,MANZANA
1208,DURAZNO
1208,CIRUELA
1209,PERA
1209,MANZANA
1210,CEREZA
1211,PERA
1211,MANZANA
1211,CIRUELA
1212,MANZANAS
1212,PERAS
1213,MANZANAS
1213,PERAS
1214,ELAB ACEITE ROSA MOSQUETA
1215,ZAPALLO
1215,MANZANA
1215,PERA
1215,CIRUELA
1215,DURAZNO
1215,NECTARINAS
1216,MANZANA
1216,PERA
1216,CIRUELA
1216,DURAZNO
1216,NECTARINAS
1217,PULPA
1217,JUGO DE MANZANA
1217,MANZANA DESHIDRATADA
1218,JUGO CONCENTRADO DE PERA
1218,JUGO CONCENTRADO DE MANZANA
1218,SIDRA
1219,PERA
1219,MANZANA
1220,JUGO CONCENTRADO DE PERA
1220,MANZANA
1221,PERAS
1221,MANZANAS
1222,PERA
1222,MANZANA
1223,MANZANAS
1223,PERAS
1224,PERAS
1224,MANZANAS
1225,MANZANAS
1225,PERAS
1226,PERA
1226,MANZANA
1226,CIRUELA
1226,DURAZNO
1227,PERA
1227,MANZANA
1227,CIRUELA
1228,PERA
1228,MANZANA
1228,CIRUELA
1228,DURAZNO
1229,PERA
1229,MANZANA
1229,CIRUELA
1230,PERA
1231,PERA
1231,MANZANA
1231,CIRUELA
1231,DURAZNO
1231,ZAPALLO
1232,PERA
1232,MANZANA
1232,CEREZA
1233,NUECES
1233,NUEZ SECA PELADA
1233,NUEZ SECA CON CASCARA
1234,NUECES
1234,NUEZ SECA PELADA
1234,NUEZ SECA CON CASCARA
1235,MANZANAS
1235,PERAS
1236,MANZANAS
1236,PERAS
1237,VINO
1238,CHIA
1239,CHIA
1239,SESAMO
1240,CEREALES
1240,OLEAGINOSAS
1241,VINO
1242,AZUCAR DE CAÑA
1242,ALCOHOL
1242,SYRUP
1242,MELAZA
1243,CHIA
1243,SESAMO
1244,UVA PASA
1245,PASAS DE UVA
1246,JUGO DE UVA
1247,JUGO CONCENTRADO DE UVA
1248,VINO
1249,AJO
1249,ZAPALLO
1250,MOSTO DE UVA
1251,VINO
1252,MOSTO CONCENTRADO DE UVA
1253,ZAPALLO
1253,ESPARRAGOS
1254,VINO
1254,VINO ESPUMANTE
1254,VINAGRE
1254,ACETO
1255,PASAS DE UVA
1256,UVA PASA
1257,ACEITE DE OLIVA
1258,JUGO CONCENTRADO DE UVA
1259,OREGANO
1259,TOMILLO
1259,ROMERO
1259,LAVANDA
1259,MENTA
1259,MAIZ
1259,ZAPALLO ANCO
1260,JUGO DE ALOE VERA
1260,JUGO DE ALOE VERA SABORIZADO
1260,GEL DE ALOE VERA
1261,PERAS CONGELADAS
1262,HIGOS
1262,GRANADAS
1262,PALTAS
1263,EXTRACCION
1263,FRACCIONAMIENTO DE MIEL
1264,FRUTICULTURA
1264,HORTICULTURA
1264,AROMATICAS
1264,MEDICINALES
1264,DULCES
1265,MIEL
1265,EXTRACCION
1265,FRACCIONAMIENTO DE MIEL
1266,CORTES DE CARNE VACUNA ENFRIADA
1266,CORTES DE CARNE VACUNA CONGELADA
1267,SMOOTHIES
1267,JUGOS
1267,DULCES
1267,AROMATICAS
1267,AZUCAR
1267,FRUTAS
1267,PULPAS
1267,PASAS
1268,HORTALIZAS DE HOJA
1268,RAIZ
1268,FRUTO
1268,CONGELADO DE FRUTILLAS
1269,MIEL
1269,SUBPRODUCTOS DE LA COLMENA
1270,ARANDANO
1271,JUGO
1271,ACEITE DE LIMON
1272,LIMON
1273,ARANDANO
1273,ARANDANO CONGELADO
1274,ARANDANO CONGELADO
1274,FRAMBUESA CONGELADA
1275,ARANDANO
1276,ARANDANO
1277,ARANDANO
1277,ARANDANO CONGELADO
1277,FRAMBUESA CONGELADA
1277,MORAS CONGELADAS
1278,CHIA
1279,ARANDANO
1280,LIMON
1280,MANDARINA
1280,NARANJA
1280,PALTA
1281,FRUTILLA CONGELADA
1281,ARANDANO CONGELADO
1282,SESAMO
1282,POROTO
1282,CHIA
1283,CHIA
1283,POROTO
1283,GARBANZO
1284,ARANDANO
1285,ARANDANO
1286,MEJILLON
1287,VINO
1288,AZUCAR DE CAÑA
1288,CHIA
1288,POROTO
1288,AJO NEGRO
1288,MELAZA
1288,CEREALES
1289,TORTA DE SOJA
1289,CHIA
1289,HARINA DE COLZA
1289,ARROZ
1289,CENTENO
1289,LINO
1289,SORGO
1289,AVENA
1289,ACEITE DE GIRASOL
1289,ACEITE DE SOJA
1289,HARINA DE GIRASOL
1289,HARINA DE SOJA
1289,TRIGO
1289,GARBANZO
1289,SOJA
1289,GIRASOL
1289,HARINA DE SOJA
1289,COLZA
1289,ACEITE DE COLZA
1289,MAIZ
1289,CARTAMO
1289,CEBADA
1289,MIJO
1290,LANA
1290,LANA
1290,TOPS DE LANA
1290,BLOUSSE
1291,MIEL
1292,YERBA MATE
1292,TE NEGRO
1293,GIRASOL
1293,LINO
1293,MAIZ
1293,MAIZ PISINGALLO
1293,SOJA
1293,TRIGO
1293,GARBANZO
1294,CEREALES
1294,OLEAGINOSAS
1295,CHIA
1296,LANA
1296,LANA
1296,TOPS DE LANA
1297,TRUCHAS A LAS FINAS HIERBAS
1297,PATE DE TRUCHA
1297,TRUCA AL AJI KITUCHO
1298,ACEITE DE JOJOBA
1299,CEREALES
1299,OLEAGINOSAS
1299,OTROS PRODUCTOS ORGANICOS
1300,PULPA CONCENTRADA DE CIRUELA
1300,PURE DE PERA CONCENTRADO
1300,PURE DE DAMASCO CONCENTRADO
1300,PURE DE DAMASCO
1300,ZAPALLO
1300,PULPA DE DAMASCO
1300,ZANAHORIA
1300,PULPA CONCENTRADA DE DURAZNO
1300,PURE DE ZANAHORIA
1300,PURE DE DURAZNO
1300,PULPA DE MANZANA
1300,PULPA DE ZANAHORIA
1300,PULPA DE ZAPALLO
1300,MANZANA
1300,PULPA CONCENTRADA DE DAMASCO
1300,PURE DE MANZANA CONCENTRADO
1300,DURAZNO
1300,PULPA DE DURAZNO
1300,PERA
1300,PURE DE PERA
1300,PURE DE DURAZNO CONCENTRADO
1300,CIRUELA
1300,PULPA DE PERA
1300,BATATA
1300,DAMASCO
1300,PURE DE ZAPALLO
1300,PURE DE BATATA
1300,PULPA CONCENTRADA DE PERA
1300,PULPA DE CIRUELA
1300,PULPA CONCENTRADA DE MANZANA
1300,PURE DE MANZANA
1301,LANA
1302,ACEITE DE JOJOBA
1303,ARROZ
1304,GRANOS
1305,GIRASOL
1305,SOJA
1305,MAIZ
1306,MIEL
1307,MIEL
1308,CHIA
1309,ARANDANO
1309,MANZANA
1309,PERA
1309,CEREZA
1309,ACEITE DE OLIVA
1309,ACEITUNAS
1309,CIRUELA
1310,FRUTILLA
1310,FRUTILLA CONGELADA
1310,ARANDANO
1310,ARANDANO CONGELADO
1311,ACEITE DE JOJOBA
1312,CHIA
1313,CHIA
1314,CHOCOLATE
1315,PERA
1315,MANZANA
1316,ACEITE DE LIMPIEZA
1316,EMULSION CORPORAL ANTIAGE
1316,EMULSION CORPORAL NUTRITIVA
1316,EMULSION CORPORAL SUAVIZANTE
1316,CREMA FACIAL ANTIAGE
1316,CREMA FACIAL DIURNA
1316,CREMA FACIAL NOCTURNA NUTRITIVA
1316,SERUM CONTORNO DE LABIOS
1316,SERUM CONTORNO DE OJOS
1316,TONICO FACIAL
1317,GIRASOL
1317,ACEITE DE COLZA CANOLA
1317,ARROZ
1317,VINO
1317,MAIZ
1317,NUEZ
1317,ACEITE DE SOJA
1317,ACEITUNAS
1317,CHIA
1317,CIRUELA
1317,ACEITE DE GIRASOL
1317,ACEITE DE OLIVA
1317,LINO
1317,PASAS DE UVA
1318,TRIGO
1318,SOJA
1318,MAIZ
1318,MAIZ PISINGALLO
1318,SORGO
1318,CANOLA
1318,GIRASOL
1318,ALCOHOL
1319,AJO
1319,CEBOLLA
1319,ZAPALLO
1320,TE
1321,CARNE VACUNA
1322,ARROZ
1322,LINO
1322,ACEITE DE OLIVA
1322,HARINA DE MAIZ
1322,MAIZ
1322,MIJO
1322,TRIGO
1322,CENTENO
1322,CIRUELA DESHIDRATADA CON CAROZO
1322,MANZANA DESHIDRATADA
1323,CIRUELA
1323,MANZANA
1323,PERA
1323,ARANDANO
1324,PERA
1324,MANZANA
1325,LANA
1326,CEREALES
1326,OLEAGINOSAS
1326,OTROS PRODUCTOS ORGANICOS
1327,EXPELLER DE GIRASOL
1327,GIRASOL
1327,ACEITE DE GIRASOL
1327,ACEITE DE CANOLA
1328,FRUTILLA CONGELADA
1328,ARANDANO CONGELADO
1328,FRAMBUESA CONGELADA
1328,MORAS CONGELADAS
1328,ESPARRAGO CONGELADOS
1329,CIRUELA DESHIDRATADA
1330,ARANDANO
1330,ARANDANO CONGELADO
1331,TRIGO
1332,ARANDANO
1332,ARANDANO CONGELADO
1333,ARANDANO
1333,ARANDANO CONGELADO
1334,PASAS DE  UVA
1335,YERBA MATE SUAVE
1335,YERBA MATE CON PALO
1335,YERBA MATE FUERTE
1335,YERBA MATE COMPUESTA
1335,YERBA MATE DESPALILLADA
1335,YERBA MATE EN SAQUITOS
1335,TE DE ROSA MOSQUETA EN SAQUITOS
1335,TE VERDE EN SAQUITOS
1335,TE VERDE EN HEBRAS
1335,TE NEGRO EN SAQUITOS
1335,TE NEGRO EN HEBRAS
1335,SEMILLAS DE LINO
1335,HARINA INTEGRAL SUPERFINA
1335,ACEITUNAS NEGRAS
1335,POROTOS DE SOJA
1335,AZUCAR INTEGRAL DE CAÑA
1335,REBOZADOR
1335,HARINA DE SOJA
1335,HARINA DE MAIZ
1335,HARINA INTEGRAL GRUESA
1335,HARINA INTEGRAL FINA
1335,HARINA DE SOJA TOSTADA
1335,SEMITA DE MAIZ
1335,MIX PARA PREPARAR MILANESAS DE SOJA
1335,TRIGO PAN
1335,ACEITUNAS VERDES
1335,ACEITE DE OLIVA
1336,SESAMO
1336,HIERBAS AROMATICAS
1336,YERBA MATE
1336,MELISA
1336,MENTA
1336,LAVANDA VERA
1336,OREGANO
1336,TOMILLO
1336,AJEDREA
1336,CEDRON
1336,ESTRAGON FRANCES
1336,SALVIA
1336,ROMERO
1336,LAVANDIN
1336,ROSA MOSQUETA
1336,MIJO
1336,MEZCLA PARA AVES
1336,MEZCLA PARA CARNES
1336,MEZCLA PARA PESCADOS
1336,TE VERDE CON MENTA
1336,MEZCLA PARA HIERBAS FINAS
1336,TREBOL ROJO
1336,HISOPO
1336,TILO
1336,CHIA
1336,LIMON
1336,NARANJA AMARGA
1336,
1336,NARANJA DULCE
1336,POMELO
1336,HOJA DE PARRA
1336,LEMON GRAS
1336,STEVIA
1336,MANDIOCA
1337,CORTES DE CARNE VACUNA CONGELADA
1337,CORTES DE CARNE VACUNA ENFRIADA
1338,CEREALES
1338,OLEAGINOSAS
1339,MIEL
1340,PRODUCTOS ORGANICOS DE ORIGEN ANIMAL
1340,VEGETAL
1341,CEREALES
1341,OLEAGINOSAS
1342,CEREALES
1342,OLEAGINOSAS
1342,OTROS PRODUCTOS ORGANICOS
1343,ACEITE DE OLIVA
1344,COMERCIALIZACION DE CEREALES
1344,OLEAGINOSAS
1345,MIEL
1345,SUBPRODUCTOS DE LA COLMENA
1346,MANI
1346,MANI CONFITERIA
1346,MANI FRITO SALADO
1346,MANI TOSTADO
1346,ACEITE DE MANI
1346,PASTA DE MANI
1346,HARINA DE MANI
1347,MANI
1348,ESPARRAGO
1348,MIEL
1348,VINO
1348,DULCE
1349,MANI
1349,MANI CONFITERIA
1349,MANI FRITO SALADO
1349,MANI TOSTADO
1349,ACEITE DE MANI
1349,HARINA DE MANI
1350,MANI
1351,COMERCIALIZACION DE MANI
1351,SUS DERIVADOS
1352,MANI
1352,MANI CONFITERIA
1352,MANI FRITO SALADO
1352,MANI TOSTADO
1352,ACEITE DE MANI
1352,HARINA DE MANI
1352,PASTA DE MANI
1353,MANI
1354,MANI
1355,MANI
1355,SOJA
1356,CEREALES
1356,OLEAGINOSAS
1357,LANA
1357,LANA
1358,PROCESAMIENTO  DE CEREALES
1358,OLEAGINOSAS
1359,ARROZ INTEGRAL
1359,PULIDO
1359,LINO
1359,MIJO
1359,SORGO
1359,MAIZ
1359,AZUCAR
1359,CENTENO
1360,ACEITE DE OLIVA
1361,AJO
1361,ZAPALLO
1362,VINO
1362,MOSTO
1363,ACEITE DE OLIVA
1364,SEMILLA DE LECHUGA
1364,SEMILLA DE CEBOLLA
1365,PULPA CONCENTRADA DE DAMASCO
1365,PULPA CONCENTRADA DE MANZANA
1365,PULPA CONCENTRADA DE PERA
1365,PULPA CONCENTRADA DE CIRUELA
1366,AJO
1366,ZAPALLO
1367,ACEITE DE OLIVA
1368,VINO
1368,VINO ESPUMANTE
1369,VINO
1370,VINO
1371,ROSELLA
1371,STEVIA
1371,TE
1371,TE NEGRO
1371,TE VERDE
1371,YERBA MATE
1371,TE ROJO
1372,YERBA MATE
1373,YERBA MATE
1374,CIRUELA
1374,DURAZNO
1374,CEREZA
1374,MANZANA
1374,PERA
1374,ZAPALLO
1375,CEREZA
1375,NECTARINAS
1375,PERA
1375,MANZANA
1375,CIRUELA
1375,DURAZNO
1376,PERAS
1376,MANZANAS
1376,DURAZNOS
1376,CEREZA
1376,CIRUELAS
1376,ZAPALLO
1377,JUGO CONCENTRADO
1377,PURE DE PERA
1378,MANZANAS
1378,PERAS
1379,MANZANAS
1379,PERAS
1379,UVAS
1379,ARANDANOS
1380,PERA
1380,MANZANA
1380,CIRUELAS
1380,DURAZNO
1380,NECTARINAS
1380,CEREZAS
1381,CEREALES
1381,OLEAGINOSAS
1382,CEREALES
1382,OLEAGINOSAS
1382,LEGUMINOSAS
1383,CHIA
1384,CEREALES
1384,OLEAGINOSAS
1385,CHIA
1385,TRIGO
1385,QUINOA
1386,AJO
1387,CEREALES
1387,OLEAGINOSAS
1388,MIEL
1388,SUBPRODUCTOS DE LA COLMENA
1389,AZUCAR DE CAÑA
1390,CHIA
1390,POROTO
1390,SESAMO
1391,CHIA
1392,CHIA
1393,AZUCAR DE CAÑA
1393,CHIA
1393,QUINOA
1393,SESAMO
1394,CHIA
1394,FRUTILLA
1394,FRUTILLA CONGELADA
1394,ARANDANO
1394,ARANDANO CONGELADO
1395,CHIA
